column,start,length,variable_label
AGENCYID,0,16,AGENCY ID
AGENCYNA,16,44,AGENCY NAME
COUNTY,60,32,COUNTY NAME
STREET,92,45,STREET ADDRESS (2000)
CITY,137,32,CITY
STATE,169,3,STATE
ZIP,172,15,ZIP CODE
PHONE,187,10,PHONE NUMBER
FAX,197,10,FAX NUMBER
FIPS,207,15,FIPS CODE
MSACSMA,222,15,MSACSMA CODE
POP,237,8,2003 POPULATION
AGCYTYPE,245,1,AGENCY TYPE
FORMTYPE,246,1,FORM TYPE
V1,247,1,Q1.FUNCTIONS - RESPONDING TO CITIZEN CALLS
V2,248,1,Q1.FUNCTIONS - PATROL SERVICES
V3,249,1,Q1.FUNCTIONS - RESPONSE TO CRIME INCIDENTS
V4,250,1,Q1.FUNCTIONS - DRUG LAW ENFORCEMENT
V5,251,1,Q1.FUNCTIONS - VICE ENFORCEMENT
V6,252,1,Q1.FUNCTIONS- TRAFFIC LAW ENFORCEMENT
V7,253,1,Q1.FUNCTIONS - TRAFFIC DIRECTION/CONTROL
V8,254,1,Q1.FUNCTIONS - ACCIDENT INVESTIGATION
V9,255,1,Q1.FUNCTIONS - PARKING ENFORCEMENT
V10,256,1,Q1.FUNCTIONS - COMMERCIAL VEHICLE ENFORCEMENT
V11,257,1,Q1.FUNCTIONS - HOMICIDE
V12,258,1,Q1.FUNCTIONS - ARSON
V13,259,1,Q1.FUNCTIONS - CYBERCRIME
V14,260,1,Q1.FUNCTIONS - OTHER CRIME TYPES
V15,261,1,Q1.FUNCTIONS - EXECUTION OF ARREST WARRANTS
V16,262,1,Q1.FUNCTIONS - COURT SECURITY
V17,263,1,Q1.FUNCTIONS - SERVING CIVIL PROCESS
V18,264,1,Q1.FUNCTIONS - SERVING VICTION NOTICES
V19,265,1,Q1.FUNCTIONS - ENFORCING PROTECTION ORDERS
V20,266,1,Q1.FUNCTIONS - ENFORCING CHILD SUPPORT ORDER
V21,267,1,Q1.FUNCTIONS - ANIMAL CONTROL
V22,268,1,Q1.FUNCTIONS - SCHOOL ROSSING SERVICES
V23,269,1,Q1.FUNCTIONS - EMERGENCY MEDICAL SERVICES
V24,270,1,Q1.FUNCTIONS - CIVIL DEFENSE
V25,271,1,Q1.FUNCTIONS - FIRE SERVICES
V26,272,1,Q1.FUNCTIONS - CRIME PREVENTION EDUCATATION
V27,273,1,Q1.FUNCTIONS - BOMB/EXPLOSIVES DISPOSAL
V28,274,1,Q1.FUNCTIONS - SEARCH AND RESCUE
V29,275,1,Q1.FUNCTIONS - SPECIAL WEAPONS/TACTICS(SWAT)
V30,276,1,Q1.FUNCTIONS - UNDERWATER RECOVERY
V31,277,1,Q1.FUNCTIONS - JAIL OPERATION
V32,278,1,Q1.FUNCTIONS - LOCKUP FACILITY
V33,279,1,Q1.FUNCTIONS - TEMPORARY HOLDING CELL
V34,280,1,Q1.FUNCTIONS - INMATE TRANSPORT
V35,281,1,Q1.FUNCTIONS - LAW ENFORC DISPATCH SERVICES
V36,282,1,Q1.FUNCTIONS - FIRE DISPATCH SERVICES
V37,283,1,Q1.FUNCTIONS - OPERATNG TRAINING ACADEMY
V38,284,3,Q2.# DISTR./PRECINCT/DIVISION STATIONS
V39,287,2,Q2.# FIXED NEIGHBORHOOD SUBSTATIONS
V40,289,2,Q2.# MOBILE NEIGHBORHOOD SUBSTATIONS
V41,291,5,Q3.AUTHORIZED SWORN WITH ARREST F/T
V42,296,5,Q3.ACTUAL PAID SWORN WITH ARREST F/T
V43,301,3,Q3.ACTUAL PAID SWORN WITH ARREST P/T
V44,304,4,Q3.AUTHORIZED OFFICERS W/O ARREST F/T
V45,308,4,Q3.ACTUAL PAID OFFICERS W/O ARREST F/T
V46,312,3,Q3.ACTUAL PAID SWORN W/O ARREST P/T
V47,315,5,Q3.AUTHORIZED NONSWORN F/T
V48,320,5,Q3.ACTUAL PAID NONSWORN F/T
V49,325,3,Q3.ACTUAL PAID NONSWORN P/T
V50,328,5,Q3.TOTAL AUTHORIZED F/T
V51,333,5,Q3.TOTAL ACTUAL PAID F/T
V52,338,3,Q3.TOTAL ACTUAL PAID P/T
V53,341,3,Q4.RESERVE/AUXILLIARY SWORN F/T
V54,344,3,Q4.RESERVE/AUXILLIARY SWORN P/T
V55,347,3,Q4.RESERVE/AUXILLIARY NONSWORN F/T
V56,350,4,Q4.RESERVE/AUXILLIARY NONSWORN P/T
V57,354,3,Q5.HOW MANY COMMUNICATIONS TECHNICIANS
V58,357,5,Q6. OFFICERS W/ REGULARLY ASSIGNED DUTIES
V59,362,4,Q6. COMMUNITY POLICING OFFICERS
V60,366,3,Q6. SCHOOL SAFETY OFFICERS
V61,369,5,Q7. PRIMARY JOB: PATROL DUTIES
V62,374,4,Q7. PRIMARY JOB: INVESTIGATIVE DUTIES
V63,378,4,Q7. PRIMARY JOB: JAIL-RELATED DUTIES
V64,382,4,Q7. PRIMARY JOB: COURT SECURITY DUTIES
V65,386,3,Q7. PRIMARY JOB: PROCEESS SERVING DUTIES
V66,389,10,Q8. TOTAL OPERATING BUDGET FOR 12 MONTHS
V67,399,1,Q8. OPERATING BUDGET ESTIMATE
V68,400,8,Q9. TOTAL FROM DRUG ASSET FORFEITURE PROGRAM
V69,408,1,Q10.EDUCATION REQUIREMENT FOR RECRUITS
V70,409,2,Q10. NUM OF SEMESTER CREDIT HOURS REQUIRED
V71,411,1,Q11. RECRUITS: PROBLEM-SOLVING ABILITY
V72,412,1,Q11. RECRUITS: UNDERSTANDING DIVERSE CULTURE
V73,413,1,Q11. RECRUITS: BACKGROUND INVESTIGATION
V74,414,1,Q11. RECRUITS: CREDIT HISTORY CHECK
V75,415,1,Q11. RECRUITS: CRIMINAL HISTORY CHECK
V76,416,1,Q11. RECRUITS: DRIVING RECORD CHECK
V77,417,1,Q11. RECRUITS: DRUG TEST
V78,418,1,Q11. RECRUITS: MEDIATION SKILLS ASSESSMENT
V79,419,1,Q11. RECRUITS: MEDICAL EXAM
V80,420,1,Q11. RECRUITS: PERSONAL INTERVIEW
V81,421,1,Q11. RECUITS: PERSONALITY INVENTORY
V82,422,1,Q11. RECRUITS: PHYSICAL AGILITY TEST
V83,423,1,Q11. RECRUITS: POLYGRAPH EXAM
V84,424,1,Q11. RECRUITS: PSYCHOLOGICAL EVALUATION
V85,425,1,Q11. RECRUITS: SECOND LANGUAGE TEST
V86,426,1,Q11. RECRUITS: VOICE STRESS ANALYZER
V87,427,1,Q11. RECRUITS: VOLUNTEER SERVICE HISTORY
V88,428,1,Q11. RECRUITS: WRITTEN APTITUDE TEST
V89,429,4,Q12. ACADMY TRAING-ST-MANDATD HOURS
V90,433,4,Q12. FIELD TRAING-ST-MANDATD HOURS
V91,437,4,Q12. ACADMY TRAINING-OTHER HOURS
V92,441,4,Q12. FIELD TRAINING-OTHER HOURS
V93,445,4,Q12. TOTAL HOURS OF ACADEMY TRAINING
V94,449,4,Q12. TOTAL HOURS OF FIELD TRAINING
V95,453,3,Q13. IN-SERVC TRAING-ST-MANDTD HRS-PATRL
V96,456,3,Q13. IN-SERVICE TRAING-OTHER HRS-PATROL
V97,459,4,Q13. TOTAL HOURS OF TRAINING
V98,463,4,Q14. ENTRY LEVEL HIRES (NON-LATERAL)
V99,467,3,Q14. LATERAL TRANSFERS/HIRES
V100,470,2,Q14. OTHER NEW HIRES
V101,472,199,Q14. OTHER NEW HIRES DESCRIPTION
V102,671,4,Q14. TOTAL NEW HIRES
V103,675,3,Q15. RESIGNATIONS
V104,678,2,Q15. DISMISSALS
V105,680,3,Q15. MEDICAL/DISABILITY RETIREMENTS
V106,683,4,Q15. NON-MEDICAL RETIREMENTS
V107,687,2,Q15. PROBATIONARY REJECTIONS
V108,689,3,Q15. OTHER SEPARATIONS
V109,692,4,Q15. TOTAL SEPARATIONS
V110,696,3,Q16. FULL TIME MILITARY RESERVISTS
V111,699,5,Q17. F/T SWORN WHITE MALES
V112,704,4,Q17. F/T SWORN WHITE FEMALES
V113,708,4,Q17. F/T SWORN BLACK MALES
V114,712,4,Q17. F/T SWORN BLACK FEMALES
V115,716,4,Q17. F/T SWORN HISPANIC MALES
V116,720,4,Q17. F/T SWORN HISPANIC FEMALES
V117,724,3,Q17. F/T SWORN AMER. IND./ALASKA MALES
V118,727,2,Q17. F/T SWORN AMER. IND./ALASKA FEMALE
V119,729,3,Q17. F/T SWORN ASIAN MALES
V120,732,2,Q17. F/T SWORN ASIAN FEMALES
V121,734,3,Q17. F/T SWRN HAWAI/PACIF. ISL. MALES
V122,737,2,Q17. F/T SWRN HAWAI/PACIF. ISL. FEMALES
V123,739,3,Q17. F/T SWORN OTHER RACE MALES
V124,742,2,Q17. F/T SWORN OTHER RACE FEMALES
V125,744,5,Q17. TOTAL MALES
V126,749,4,Q17.TOTAL FEMALES
V127,753,1,Q18. COLLECTIVE BARGAINING FOR SWORN
V128,754,1,Q18. COLLECTIVE BARGAINING FOR NONSWORN
V129,755,1,Q19. EDUCATION INCENTIVE PAY FT SWORN
V130,756,1,Q19. HAZARDOUS DUTY PAY FOR FT SWORN
V131,757,1,Q19. MERIT/PERFORMANCE PAY FOR FT SWORN
V132,758,1,Q19. SHIFT DIFFERENTIAL PAY FT SWORN
V133,759,1,Q19. SPEC. SKILLS PROFIC. PAY FT SWORN
V134,760,1,Q19. BILINGUAL ABILITY PAY FT SWORN
V135,761,1,Q19. TUITION REIMBURSEMENT PAY FT SWORN
V136,762,1,Q19. MILITARY SERVICE PAY FOR FT SWORN
V137,763,6,Q20. MINIMUM SALARY CHIEF EXECUTIVE
V138,769,6,Q20. MAXIMUM SALARY - CHIEF EXECUTIVE
V139,775,6,Q20. MINIMUM SALARY - SERGEANT
V140,781,6,Q20. MAXIMUM SALARY - SERGEANT
V141,787,5,Q20. MINIMUM SALARY- OFFICER
V142,792,6,Q20. MAXIMUM SALARY - OFFICER
V143,798,4,Q21. ADULTS - TOTAL CAPACITY
V144,802,2,Q21. JUVENILES - TOTAL CAPACITY
V145,804,4,Q21. ADULTS MAXIMUM HOLDING TIME
V146,808,3,Q21. JUVENILES MAXIMUM HOLDING TIME
V147,811,1,Q22. 9-1-1 EMERGENCY TELEPHONE SYSTEM
V148,812,1,Q23. DISPLAY PHONE NUM WIRELESS CALLER
V149,813,1,Q23. DISPLAY LOCATION WIRELESS CALLER
V150,814,8,Q24. NUM CALLS/REQUESTS - EMERGENCY
V151,822,7,Q24. NUM CALLS/DISPATCH - EMERGENCY
V152,829,7,Q24. CALLS/REQUESTS 7-DIGIT NON-EMERGENCY
V153,836,7,Q24. CALLS/DISPATCH 7-DIGIT NON-EMERGENCY
V154,843,7,Q24. CALLS/REQUESTS 3-DIGIT NON-EMERGENCY
V155,850,6,Q24. CALLS/DISPATCH 3-DIGIT ON-EMERGE.
V156,856,8,Q24. TOTAL CALLS - REQUESTS
V157,864,7,Q24. TOTAL CALLS - DISPATCH
V158,871,9,Q24. FIGURES REPRESENT ESTIMATES
V159,880,1,Q25. AGENCY USE AUTOMOBILE PATROL
V160,881,1,Q25. AGENCY USE MARINE PATROL
V161,882,1,Q25. AGENCY USE MOTORCYLE PATROL
V162,883,1,Q25. AGENCY USE HORSE PATROL
V163,884,1,Q25. AGENCY USE FOOT PATROL
V164,885,1,Q25. AGENCY USE BICYCLE PATROL
V165,886,1,Q25. AGENCY USE AVIATION PATROL
V166,887,1,Q25. AGENCY USE OTHER PATROL
V167,888,199,Q25. OTHER PATROL TYPE DESCRIPTION
V168,1087,4,Q26. FT SPECIAL DRUG ENFORCEMENT UNIT
V169,1091,3,Q26. PT SPECIAL DRUG ENFORCEMENT UNIT
V170,1094,3,Q26. FT MULTI-AGENCY DRUG TASK FORCE
V171,1097,2,Q26. PT MULTI-AGENCY DRUG TASK FORCE
V172,1099,1,Q27. BIAS/HATE CRIME UNIT
V173,1100,1,Q27. BOMB/EXPLOSIVE DISPOSAL UNIT
V174,1101,1,Q27. CHILD ABUSE/ENDANGERMENT UNIT
V175,1102,1,Q27. COMMUNITY CRIME PREVENTION UNIT
V176,1103,2,Q27. COMMUNITY POLICING UNIT
V177,1105,1,Q27. CRIME ANALYSIS UNIT
V178,1106,1,Q27. CYBERCRIME UNIT
V179,1107,1,Q27. DOMESTIC VIOLENCE UNIT
V180,1108,1,Q27. DRUG EDUCATION IN SCHOOLS UNIT
V181,1109,1,Q27. GANGS UNIT
V182,1110,1,Q27. IMPAIRED DRIVERS UNIT
V183,1111,1,Q27. INTERNAL AFFAIRS UNIT
V184,1112,1,Q27. JUVENILE CRIME UNIT
V185,1113,1,Q27. METHAMPHETAMINE LABS UNIT
V186,1114,1,Q27. MISSING CHILDREN UNIT
V187,1115,1,Q27. PROSECUTOR RELATIONS UNIT
V188,1116,1,Q27. REPEAT OFFENDERS UNIT
V189,1117,1,Q27. RESEARCH AND PLANNING UNIT
V190,1118,1,Q27. SCHOOL SAFETY UNIT
V191,1119,1,Q27. TERRORISM/HOMELAND SECURITY UNIT
V192,1120,1,Q27. VICTIM ASSISTANCE UNIT
V193,1121,1,Q27. YOUTH OUTREACH UNIT
V194,1122,1,Q28. CP TRAINING-NEW OFFICER
V195,1123,1,Q28. CP TRAINING-IN SERVICE SWORN
V196,1124,1,Q28. CP TRAINING-CIVILIAN PERSONNEL
V197,1125,1,Q29. ENCOURAGED SARA-TYPE PROJECTS
V198,1126,3,Q29. SARA-TYPE PERCENTAGE
V199,1129,1,Q29. CONDUCTED CITIZEN POLICE ACADEMY
V200,1130,1,Q29. CREATED COMMUNITY POLICING PLAN
V201,1131,1,Q29. ASSIGNED GEOGRAPHIC AREAS/BEATS
V202,1132,3,Q29. GEOGRAPHIC AREAS/BEATS PERCENTAGE
V203,1135,1,Q29. PROBLEM-SOLVING IN EVAL CRITERIA
V204,1136,1,Q29. TRAINED CITIZENS IN CP
V205,1137,1,Q29. UPGRADED TECHNOLOGY
V206,1138,1,Q29. PARTNERED WITH CITIZEN GROUPS
V207,1139,1,Q29. NONE OF THE ABOVE
V208,1140,1,Q30. MISSION STATEMENT INCLUDED CP
V209,1141,1,Q31. MET W/ ADVOCACY GROUPS
V210,1142,1,Q31. MET W/ BUSINESS GROUP
V211,1143,1,Q31. MET W/ RELIGIOUS GROUP
V212,1144,1,Q31. MET W/ LOCAL GOVERNMENT
V213,1145,1,Q31. MET W/ OTH LOCAL LAW ENF. AGENCY
V214,1146,1,Q31. MET W/ NEIGHBORHOOD ASSOCIATIONS
V215,1147,1,Q31. MET W/ SENIOR CITIZEN GROUPS
V216,1148,1,Q31. MET W/ SCHOOL GROUPS
V217,1149,1,Q31. MET W/ YOUTH SERVICE ORGANIZATIONS
V218,1150,1,Q31. MET W/ NONE OF THE ABOVE
V219,1151,1,Q32A. SURVEYED PUBLIC SATISFACTION
V220,1152,1,Q32A. SURVEYED PUBLIC PERCEPTION
V221,1153,1,Q32A. SURVEYED PERSONAL CRIME EXPERIENCES
V222,1154,1,Q32A. SURVEYED REPORTING OF CRIMES
V223,1155,1,Q32A. SURVEYED OTHER
V224,1156,199,Q32a. OTHER SURVEY DESCRIPTION
V225,1355,1,Q32A. DID NOT SURVEY PUBLIC
V226,1356,1,Q32B. USED INFO FOR ALLOCAT RESOURCES
V227,1357,1,Q32B. USED INFO FOR EVALUAT PERFORMANCE
V228,1358,1,Q32B. USED INFO FOR EVALUAT PERFORMANCE
V229,1359,1,Q32B. USED INFO FOR EVALUAT EFFECTIVENESS
V230,1360,1,Q32B. USED INFO FOR PRIORITZ PROBLEMS
V231,1361,1,Q32B. USED INFO FOR PROVIDING INFO
V232,1362,1,Q32B. USED INFO FOR REDISTRICT AREAS
V233,1363,1,Q32B. USED INFO FOR TRAINING DEVELOPMENT
V234,1364,1,Q32B. USED INFO FOR OTHER
V235,1365,199,Q32b. OTHER PURPOSE DESCRIPTION
V236,1564,1,Q32B. USED INFO FOR NONE OF THE ABOVE
V237,1565,1,Q33A. PLAN FOR TERRORIST ATTACKS
V238,1566,1,Q33B. PLAN INCL COOPERATIVE AGREEMENTS
V239,1567,1,Q34. USE SHARED RADIO NETWORK INFRASTRUCTURE
V240,1568,1,Q35. PERSONAL PROTECTIVE EQUIPMENT(PPE)
V241,1569,1,Q35. CHEMICAL DETECTION EQUIPMENT
V242,1570,1,Q35. RADIOLOGICAL DETECTION EQUIPMENT
V243,1571,1,Q35. BIOLOGICAL DETECTION EQUIPMENT
V244,1572,1,Q35. CHEMICAL/BIOLOGICAL DECONTAMINATION EQUIPMENT
V245,1573,1,Q35. EXPLOSIVES DETECTION EQUIPMENT
V246,1574,1,Q35. HAS NONE OF THE ABOVE
V247,1575,1,Q36. TERRORISM - PARTNER W/COMMUNITIES
V248,1576,1,Q36. TERRORISM - ANTI-FEAR CAMPAIGNS
V249,1577,1,Q36. TERRORISM - DISSEMINATION INFO
V250,1578,1,Q36. TERRORISM - COMMUNITY MEETINGS
V251,1579,1,Q36. TERRORISM - CRITICAL AREAS
V252,1580,1,Q36. TERRORISM - NONE OF THE ABOVE
V253,1581,3,Q37. TERRORISM TASK FORCE-SWORN F/T
V254,1584,2,Q37. TERRORISM TASK FORCE-SWORN P/T
V255,1586,3,Q37. TERRORISM TASK FORCE-OTHER F/T
V256,1589,1,Q37. TERRORISM TASK FORCE-OTHER P/T
V257,1590,3,Q38. INTELLIGENCE PERSONNEL - SWORN
V258,1593,2,Q38. INTELLIGENCE PERSONNEL- NON-SWORN
V259,1595,1,Q39. PRIMARY SIDEARM - SUPPLIED
V260,1596,1,Q39. PRIMARY SIDEARM - CASH ALLOWANCE
V261,1597,1,Q39. PRIMARY SIDEARM - NEITHER
V262,1598,1,Q39. BACKUP SIDEARM - SUPPLIED
V263,1599,1,Q39. BACKUP SIDEARM - CASH ALLOWANCE
V264,1600,1,Q39. BACKUP SIDEARM - NEITHER
V265,1601,1,Q39. BODY ARMOR - SUPPLIED
V266,1602,1,Q39. BODY ARMOR - CASH ALLOWANCE
V267,1603,1,Q39. BODY ARMOR - NEITHER
V268,1604,1,Q39. UNIFORM - SUPPLIED
V269,1605,1,Q39. UNIFORM - CASH ALLOWANCE
V270,1606,1,Q39. UNIFORM - NEITHER
V271,1607,1,Q40. SEMIAUTOMATIC 10MM - PRIMARY SIDEARM
V272,1608,1,Q40. SEMIAUTOMATIC 10MM - BACKUP SIDEARM
V273,1609,1,Q40. SEMIAUTOMATIC 10MM - OFF-DUTY SIDEARM
V274,1610,1,Q40. SEMIAUTOMATIC 9MM - PRIMARY SIDEARM
V275,1611,1,Q40. SEMIAUTOMATIC 9MM - BACKUP SIDEARM
V276,1612,1,Q40. SEMIAUTOMATIC 9MM - OFF-DUTY SIDEARM
V277,1613,1,Q40. SEMIAUTOMATIC .45 - PRIMARY SIDEARM
V278,1614,1,Q40. SEMIAUTOMATIC .45 - BACKUP SIDEARM
V279,1615,1,Q40. SEMIAUTOMATIC .45 - OFF-DUTY SIDEARM
V280,1616,1,Q40. SEMIAUTOMATIC .40 - PRIMARY SIDEARM
V281,1617,1,Q40. SEMIAUTOMATIC .40 - BACKUP SIDEARM
V282,1618,1,Q40. SEMIAUTOMATIC .40 - OFF-DUTY SIDEARM
V283,1619,1,Q40. SEMIAUTOMATIC .357 - PRIMARY SIDEARM
V284,1620,1,Q40. SEMIAUTOMATIC .357 - BACKUP SIDEARM
V285,1621,1,Q40. SEMIAUTOMATIC .357 - OFF-DUTY SIDEARM
V286,1622,1,Q40. SEMIAUTOMATIC .380 - PRIMARY SIDEARM
V287,1623,1,Q40. SEMIAUTOMATIC .380 - BACKUP SIDEARM
V288,1624,1,Q40. SEMIAUTOMATIC .380 - OFF-DUTY SIDEARM
V289,1625,1,Q40. OTHER CALIBER - PRIMARY SIDEARM
V290,1626,1,Q40. OTHER CALIBER - BACKUP SIDEARM
V291,1627,1,Q40. OTHER CALIBER - OFF-DUTY SIDEARM
V292,1628,167,Q40. OTHER CALIBER DESCRIPTION
V293,1795,1,Q40. ANY SEMIAUTOMATIC - PRIMARY SIDEARM
V294,1796,1,Q40. ANY SEMIAUTOMATIC - BACKUP SIDEARM
V295,1797,1,Q40. ANY SEMIAUTOMATIC - OFF-DUTY SIDEARM
V296,1798,1,Q40. REVOLVER - PRIMARY SIDEARM
V297,1799,1,Q40. REVOLVER - BACKUP SIDEARM
V298,1800,1,Q40. REVOLVER - OFF-DUTY SIDEARM
V299,1801,1,Q41. PROTECTIVE BODY ARMOR REQUIRED
V300,1802,2,Q42. # ANIMALS MAINTAINED - DOGS
V301,1804,3,Q42. # ANIMALS MAINTAINED - HORSES
V302,1807,1,Q43. TRADITIONAL BATON
V303,1808,1,Q43. PR-24 BATON
V304,1809,1,Q43. COLLAPSIBLE BATON
V305,1810,1,Q43. SOFT PROJECTILE
V306,1811,1,Q43. BLACKJACK/SLAPJACK
V307,1812,1,Q43. RUBBER BULLET
V308,1813,1,Q43. OTHER IMPACT DEVICE
V309,1814,1,Q43. CHEMICAL AGENT - OC
V310,1815,1,Q43. CHEMICAL AGENT - CN
V311,1816,1,Q43. CHEMICAL AGENT - CS
V312,1817,1,Q43. OTHER CHEMICAL AGENT
V313,1818,1,Q43. HAND-HELD ELECTR. - DIRECT CONTACT
V314,1819,1,Q43. HAND-HELD ELECTRICAL - STAND OFF
V315,1820,1,Q43. HOLD OR NECK RESTRAINT
V316,1821,1,Q43. HIGH INTENSITY LIGHT SOURCE
V317,1822,1,Q43. OTHER WEAPON/ACTION
V318,1823,1,Q44. FINGERPRINTS
V319,1824,1,Q44. MUG SHOTS
V320,1825,1,Q44. SUSPECT COMPOSITES
V321,1826,1,Q44. FACIAL RECOGNITION
V322,1827,1,Q44. DIGITAL PHOTOGRAPHY
V323,1828,1,Q44. OTHER DIGITAL IMAGING
V324,1829,174,Q44. OTHER DIGITIAL IMAGING DESCRIPTION
V325,2003,1,Q44. NONE OF THE LISTED DIGITAL IMAGING
V326,2004,1,Q44. INFRARED (THERMAL) IMAGERS
V327,2005,1,Q44. IMAGE INTENSIFIERS
V328,2006,1,Q44. LASER RANGE FINDERS
V329,2007,1,Q44. OTHER NIGHT VISION/ELECTRO- OPTIC
V330,2008,146,Q44. OTHER NIGHT VISION/ELECTRO-OPTIC DESCRIPTION
V331,2154,1,Q44. NONE NIGHT VISION/ELECTRO-OPTIC
V332,2155,1,Q44. ELECTRICAL/ENGINE DISRUPTION
V333,2156,1,Q44. STOLEN VEHICLE TRACKING
V334,2157,1,Q44. TIRE DEFLATION DEVICES
V335,2158,1,Q44. OTHER VEHICLE STOPPING/TRACKING
V336,2159,194,Q44. OTHER VEHICLE STOPPING/TRACKING DESCRIPTION
V337,2353,1,Q44. NONE VEHICLE STOPPING/TRACKING
V338,2354,4,Q45. MARKED CARS
V339,2358,3,Q45. OTHER MARKED VEHICLES
V340,2361,4,Q45. UNMARKED CARS
V341,2365,3,Q45. OTHER UNMARKED VEHICLES
V342,2368,2,Q45. FIXED-WING AIRCRAFT
V343,2370,2,Q45. HELICOPTERS
V344,2372,2,Q45. BOATS
V345,2374,3,Q45. MOTORCYCLES
V346,2377,3,Q45. BICYCLES
V347,2380,1,Q46A. ALLOWED TO TAKE VEHICLE HOME
V348,2381,1,Q46B. ALLOWED TO DRIVE VEHICLE OFF-DUTY
V349,2382,1,Q47A. OPERATED RED LIGHT CAMERAS
V350,2383,3,Q47A. NUMBER OF RED LIGHT CAMERAS
V351,2386,1,Q47A. SPEED ENFORCEMENT CAMERAS
V352,2387,3,Q47A. NUM SPEED ENFORCEMENT CAMERAS
V353,2390,1,Q48A. OPERATED VIDEO CAMERAS
V354,2391,4,Q48B. VIDEO CAMERAS - PATROL CARS
V355,2395,4,Q48B. VIDEO CAMERAS - FIXED-SITE
V356,2399,3,Q48B. VIDEO CAMERAS - MOBILE
V357,2402,3,Q48B. VIDEO CAMERAS - TRAFFIC ENFORCEMENT
V358,2405,1,Q49. VEHICLE-MOUNTED LAPTOP COMPUTER
V359,2406,4,Q49. # VEHICLE-MOUNTED LAPTOP COMPUTERS
V360,2410,1,Q49. NOT USE VEHICLE-MOUNTED LAPTOP
V361,2411,1,Q49. USED VEHICLE-MOUNTED COMPUTERS
V362,2412,4,Q49. # VEHICLE-MOUNTED COMPUTERS
V363,2416,1,Q49. NOT USE VEHICLE-MOUNTED COMPUTERS
V364,2417,1,Q49. USED VEHICLE-MOUNTED TERMINALS
V365,2418,4,Q49. # VEHICLE-MOUNTED TERMINALS
V366,2422,1,Q49. NOT USE VEHICLE-MOUNTED TERMINALS
V367,2423,1,Q49. USED OTHER VEHICLE-MOUNTED COMPUTERS
V368,2424,180,Q49. OTHER TYPE OF VEHICLE-MOUNTED COMPUTER DESCRIPTION
V369,2604,4,Q49. # OTHER VEHICLE-MOUNTED COMPUTERS
V370,2608,1,Q49. NO OTHER VEHICLE-MOUNTED COMPUTERS
V371,2609,1,Q49. USED PORTABLE LAPTOP COMPUTER
V372,2610,4,Q49. # PORTABLE LAPTOP COMPUTERS
V373,2614,1,Q49. NOT USE PORTABLE LAPTOP COMPUTERS
V374,2615,1,Q49. USED PORTABLE MOBILE COMPUTERS
V375,2616,4,Q49. # PORTABLE MOBILE COMPUTERS
V376,2620,1,Q49. NOT USE PORTABLE MOBILE COMPUTERS
V377,2621,1,Q49. USED PORTABLE MOBILE TERMINALS
V378,2622,3,Q49. # PORTABLE MOBILE TERMINALS
V379,2625,1,Q49. NOT USE PORTABLE MOBILE TERMINALS
V380,2626,1,Q49. USED PORTABLE DIGITAL ASSISTANTS
V381,2627,4,Q49. # PORTABLEDIGITAL ASSISTANTS
V382,2631,1,Q49. NO PORTABLE DIGITAL ASSISTANTS
V383,2632,1,Q49. USED OTHER PORTABLE COMPUTERS
V384,2633,199,Q49. OTHER TYPE OF PORTABLE COMPUTER DESCRIPTION
V385,2832,3,Q49. # OTHER PORTABLE COMPUTERS
V386,2835,1,Q49. NOT USE OTH PORTABLE COMPUTERS
V387,2836,1,Q50. MOTOR VEHICLE RECORDS
V388,2837,1,Q50. DRIVING RECORDS
V389,2838,1,Q50. CRIMINAL HISTORY RECORDS
V390,2839,1,Q50. WARRANTS
V391,2840,1,Q50. PROTECTION ORDERS
V392,2841,1,Q50. INTER-AGENCY INFORMATION SYSTEM
V393,2842,1,Q50. ADDRESS HISTORY
V394,2843,1,Q51. HOW INCIDENT REPORTS TRANSMITTED
V395,2844,1,Q52. EXCLUSIVE OWNER OF AFIS SYSTEM
V396,2845,1,Q52. SHARED OWNER OF AFIS SYSTEM
V397,2846,1,Q52. HAS ACCESS TO REMOTE AFIS SYSTEM
V398,2847,1,Q52. ACCESS AFIS THROUGH ANOTHER AGENCY
V399,2848,1,Q52. NONE OF THE ABOVE
V400,2849,1,Q53. ANALYSIS OF COMMUNITY PROBLEMS
V401,2850,1,Q53. AUTOMATED BOOKING
V402,2851,1,Q53. CRIME ANALYSIS
V403,2852,1,Q53. CRIMEMAPPING
V404,2853,1,Q53. CRIME INVESTIGATIONS
V405,2854,1,Q53. DISPATCH (CAD)
V406,2855,1,Q53. FLEET MANAGEMENT
V407,2856,1,Q53. HOTSPOT IDENTIFICATION
V408,2857,1,Q53. IN-FIELD COMMUNICATIONS
V409,2858,1,Q53. IN-FIELD REPORT WRITING
V410,2859,1,Q53. INTELLIGENCE GATHERING
V411,2860,1,Q53. INTER-AGENCY INFO SHARING
V412,2861,1,Q53. INTERNET ACCESS
V413,2862,1,Q53. PERSONNEL RECORDS
V414,2863,1,Q53. RECORDS MANAGEMENT
V415,2864,1,Q53. RESOURCE ALLOCATION
V416,2865,1,Q53. TRAFFIC STOP DATA COLLECTION
V417,2866,1,Q53. NONE OF THE ABOVE FUNCTIONS
V418,2867,1,Q53. ALL OF THE ABOVE FUNCTIONS
V419,2868,1,Q54. COMPUTERIZED FILES - ALARMS
V420,2869,1,Q54. COMPUTERIZED FILES - ARRESTS
V421,2870,1,Q54. COMPUTERIZED FILES - FACIAL RECOGNITION
V422,2871,1,Q54. COMPUTERIZED FILES - SERVICE CALLS
V423,2872,1,Q54. COMPUTERIZED FILES - CRIMINAL HISTORIES
V424,2873,1,Q54. COMPUTERIZED FILES - FINGERPRINTS
V425,2874,1,Q54. COMPUTERIZED FILES - INCIDENT REPORT
V426,2875,1,Q54. COMPUTERIZED FILES - FIREARMS
V427,2876,1,Q54. COMPUTERIZED FILES - TERRORISM
V428,2877,1,Q54. COMPUTERIZED FILES - STOLEN PROPERTY
V429,2878,1,Q54. COMPUTERIZED FILES - SUMMONSES
V430,2879,1,Q54. COMPUTERIZED FILES - TRAFFIC ACCID
V431,2880,1,Q54. COMPUTERIZED FILES - TRAFFIC CITATION
V432,2881,1,Q54. COMPUTERIZED FILES - TRAFFIC STOPS
V433,2882,1,Q54. COMPUTERIZED - USE-OF-FORCE INCIDENTS
V434,2883,1,Q54. COMPUTERIZED FILES -WARRANTS
V435,2884,1,Q54. COMPUTERIZED FILES - NONE ABOVE
V436,2885,1,Q54. COMPUTERIZED FILES - ALL ABOVE
V437,2886,1,Q55. COMPUTER-BASED PERFORMANCE MONITOR
V438,2887,1,Q56. POLICY-USE OF DEADLY FORCE/FIREARM
V439,2888,1,Q56. POLICY-USE OF LESS-THAN-LETHAL FORCE
V440,2889,1,Q56. POICY-CODE OF CONDUCT/APPEARANCE
V441,2890,1,Q56. POLICY-OFF-DUTY EMPLOYMENT
V442,2891,1,Q56. POLICY-MAXIMUM WORK HOURS
V443,2892,1,Q56. POLICY-DEALING W/ THE MENTALLY ILL
V444,2893,1,Q56. POLICY-DEALING W/ THE HOMELESS
V445,2894,1,Q56. POLICY- DEAL W/ DOMESTIC DISPUTES
V446,2895,1,Q56. POLICY-DEALING W/ JUVENILES
V447,2896,1,Q56. POLICY-STRIP SEARCHES
V448,2897,1,Q56. POLICY-RACIAL PROFILING
V449,2898,1,Q56. POLICY-CITIZEN COMPLAINTS
V450,2899,1,Q56. POLICY-OFF-DUTY CONDUCT
V451,2900,1,Q56. POLICY-INTERACTING WITH MEDIA
V452,2901,1,Q56. POLICY-EMPLOYEE COUNSEL ASSISTANCE
V453,2902,1,Q57. POLICY-PURSUIT DRIVING
V454,2903,199,Q57. OTHER PURSUIT DRIVING POLICY DESCRIPTION
V455,3102,4,Q58. TOTAL USE OF FORCE COMPLAINTS
V456,3106,3,Q58. USE OF FORCE - UNFOUNDED
V457,3109,3,Q58. USE OF FORCE - EXONERATED
V458,3112,4,Q58. USE OF FORCE - NOT SUSTAINED
V459,3116,3,Q58. USE OF FORCE - SUSTAINED
V460,3119,3,Q58. USE OF FORCE - PENDING
V461,3122,3,Q58. USE OF FORCE - OTH DISPOSITION
V462,3125,1,Q59A. CIVILIAN COMPLAINT REVIEW BOARD
V463,3126,1,Q59B. CIVILIAN REVIEW BOARD INDEPENDENT
V464,3127,1,Q60. COMPLAINT INVESTIGATED OUTSIDE
V465,3128,1,Q61. USE OF FORCE ACTION - AGENCY HEAD
V466,3129,1,Q61. USE OF FORCE ACTION - OTHER SWORN
V467,3130,1,Q61. USE OF FORCE ACTION - GOVT. EXECUTIVES
V468,3131,1,Q61. USE OF FORCE ACTION - OTHER
V469,3132,199,Q61. OTHER DESCRIPTION
V470,3331,1,Q62. ADMINISTRATIVE APPEAL - CITIZENS
V471,3332,1,Q62. ADMINISTRATIVE APPEAL -OFFICERS
V1F,3333,1,V1 Flag
V16F,3334,1,V16 Flag
V17F,3335,1,V17 Flag
V18F,3336,1,V18 Flag
V24F,3337,1,V24 Flag
V31F,3338,1,V31 Flag
V38F,3339,1,V38 Flag
V39F,3340,1,V39 Flag
V40F,3341,1,V40 Flag
V41F,3342,1,V41 Flag
V42F,3343,1,V42 Flag
V43F,3344,1,V43 Flag
V44F,3345,1,V44 Flag
V45F,3346,1,V45 Flag
V46F,3347,1,V46 Flag
V47F,3348,1,V47 Flag
V48F,3349,1,V48 Flag
V49F,3350,1,V49 Flag
V50F,3351,1,V50 Flag
V51F,3352,1,V51 Flag
V52F,3353,1,V52 Flag
V53F,3354,1,V53 Flag
V54F,3355,1,V54 Flag
V55F,3356,1,V55 Flag
V56F,3357,1,V56 Flag
V57F,3358,1,V57 Flag
V58F,3359,1,V58 Flag
V59F,3360,1,V59 Flag
V60F,3361,1,V60 Flag
V61F,3362,1,V61 Flag
V62F,3363,1,V62 Flag
V63F,3364,1,V63 Flag
V64F,3365,1,V64 Flag
V65F,3366,1,V65 Flag
V66F,3367,1,V66 Flag
V68F,3368,1,V68 Flag
V89F,3369,1,V89 Flag
V90F,3370,1,V90 Flag
V91F,3371,1,V91 Flag
V92F,3372,1,V92 Flag
V93F,3373,1,V93 Flag
V94F,3374,1,V94 Flag
V95F,3375,1,V95 Flag
V96F,3376,1,V96 Flag
V97F,3377,1,V97 Flag
V98F,3378,1,V98 Flag
V99F,3379,1,V99 Flag
V100F,3380,1,V100 Flag
V102F,3381,1,V102 Flag
V103F,3382,1,V103 Flag
V104F,3383,1,V104 Flag
V105F,3384,1,V105 Flag
V106F,3385,1,V106 Flag
V107F,3386,1,V107 Flag
V108F,3387,1,V108 Flag
V109F,3388,1,V109 Flag
V110F,3389,1,V110 Flag
V111F,3390,1,V111 Flag
V112F,3391,1,V112 Flag
V113F,3392,1,V113 Flag
V114F,3393,1,V114 Flag
V115F,3394,1,V115 Flag
V116F,3395,1,V116 Flag
V117F,3396,1,V117 Flag
V118F,3397,1,V118 Flag
V119F,3398,1,V119 Flag
V120F,3399,1,V120 Flag
V121F,3400,1,V121 Flag
V122F,3401,1,V122 Flag
V123F,3402,1,V123 Flag
V124F,3403,1,V124 Flag
V125F,3404,1,V125 Flag
V126F,3405,1,V126 Flag
V137F,3406,1,V137 Flag
V138F,3407,1,V138 Flag
V139F,3408,1,V139 Flag
V140F,3409,1,V140 Flag
V141F,3410,1,V141 Flag
V142F,3411,1,V142 Flag
V143F,3412,1,V143 Flag
V144F,3413,1,V144 Flag
V145F,3414,1,V145 Flag
V146F,3415,1,V146 Flag
V150F,3416,1,V150 Flag
V151F,3417,1,V151 Flag
V152F,3418,1,V152 Flag
V153F,3419,1,V153 Flag
V154F,3420,1,V154 Flag
V155F,3421,1,V155 Flag
V156F,3422,1,V156 Flag
V157F,3423,1,V157 Flag
V168F,3424,1,V168 Flag
V169F,3425,1,V169 Flag
V170F,3426,1,V170 Flag
V171F,3427,1,V171 Flag
V253F,3428,1,V253 Flag
V254F,3429,1,V254 Flag
V255F,3430,1,V255 Flag
V256F,3431,1,V256 Flag
V257F,3432,1,V257 Flag
V258F,3433,1,V258 Flag
V300F,3434,1,V300 Flag
V301F,3435,1,V301 Flag
V338F,3436,1,V338 Flag
V339F,3437,1,V339 Flag
V340F,3438,1,V340 Flag
V341F,3439,1,V341 Flag
V342F,3440,1,V342 Flag
V343F,3441,1,V343 Flag
V344F,3442,1,V344 Flag
V345F,3443,1,V345 Flag
V346F,3444,1,V346 Flag
V354F,3445,1,V354 Flag
V355F,3446,1,V355 Flag
V356F,3447,1,V356 Flag
V357F,3448,1,V357 Flag
V359F,3449,1,V359 Flag
V362F,3450,1,V362 Flag
V365F,3451,1,V365 Flag
V369F,3452,1,V369 Flag
V372F,3453,1,V372 Flag
V375F,3454,1,V375 Flag
V378F,3455,1,V378 Flag
V381F,3456,1,V381 Flag
V385F,3457,1,V385 Flag
V455F,3458,1,V455 Flag
V456F,3459,1,V456 Flag
V457F,3460,1,V457 Flag
V458F,3461,1,V458 Flag
V459F,3462,1,V459 Flag
V460F,3463,1,V460 Flag
V461F,3464,1,V461 Flag
WEIGHT,3465,8,WEIGHT
